<metadata xml:lang="pt"><Esri><CreaDate>20180713</CreaDate><CreaTime>15213300</CreaTime><ArcGISFormat>1.0</ArcGISFormat><SyncOnce>FALSE</SyncOnce><DataProperties><lineage><Process ToolSource="c:\program files (x86)\arcgis\desktop10.3\ArcToolbox\Toolboxes\Data Management Tools.tbx\CalculateField" Date="20180703" Time="190200" Name="" export="">CalculateField "exclusão de pesca_APA" UC "APA Costa de Corais" VB #</Process><Process ToolSource="c:\program files (x86)\arcgis\desktop10.3\ArcToolbox\Toolboxes\Data Management Tools.tbx\CalculateField" Date="20180703" Time="190222" Name="" export="">CalculateField "exclusão de pesca_APA" Zonas "Zona de Visitação (ZV)" VB #</Process><Process ToolSource="c:\program files (x86)\arcgis\desktop10.3\ArcToolbox\Toolboxes\Data Management Tools.tbx\CalculateField" Date="20180703" Time="190237" Name="" export="">CalculateField "exclusão de pesca_APA" Zonas "Zona de Preservação da Vida Marinha (ZPVM)" VB #</Process><Process ToolSource="c:\program files (x86)\arcgis\desktop10.3\ArcToolbox\Toolboxes\Data Management Tools.tbx\CalculateField" Date="20180703" Time="190331" Name="" export="">CalculateField "exclusão de pesca_APA" Zonas "Zona de Visitação (ZV)" VB #</Process><Process ToolSource="c:\program files (x86)\arcgis\desktop10.3\ArcToolbox\Toolboxes\Data Management Tools.tbx\CalculateField" Date="20180703" Time="190414" Name="" export="">CalculateField "exclusão de pesca_APA" Fonte "Carina Tostes Abreu-COMAN/CGCAP/DIMAN/ICMBio/MMA" VB #</Process><Process ToolSource="c:\program files (x86)\arcgis\desktop10.3\ArcToolbox\Toolboxes\Data Management Tools.tbx\CalculateField" Date="20180703" Time="190429" Name="" export="">CalculateField "exclusão de pesca_APA" Zonas "Zona de Preservação da Vida Marinha (ZPVM)" VB #</Process><Process ToolSource="c:\program files (x86)\arcgis\desktop10.3\ArcToolbox\Toolboxes\Data Management Tools.tbx\CalculateField" Date="20180703" Time="190506" Name="" export="">CalculateField "exclusão de pesca_APA" Fonte "Carina Tostes Abreu, COMAN/CGCAP/DIMAN - ICMBio/MMA" VB #</Process><Process ToolSource="c:\program files (x86)\arcgis\desktop10.3\ArcToolbox\Toolboxes\Data Management Tools.tbx\CalculateField" Date="20180703" Time="190541" Name="" export="">CalculateField "exclusão de pesca_APA" Fonte "Carina Tostes Abreu,COMAN/CGCAP/DIMAN-ICMBio/MMA" VB #</Process><Process ToolSource="c:\program files (x86)\arcgis\desktop10.5\ArcToolbox\Toolboxes\Data Management Tools.tbx\Merge" Date="20180704" Time="164859" Name="" export="">Merge 'APA Costa de Corais';ExclusaoPesca_APANoronha "C:\Users\scosta\Desktop\Organizar\Produto 3\Oportunidades\01_Shapes\ExclusaoPesca_APAsFederais.shp" "Id "Id" true true false 6 Long 0 6 ,First,#,APA Costa de Corais,Id,-1,-1;Area "Area" true true false 150 Text 0 0 ,First,#,APA Costa de Corais,Area,-1,-1;Zonas "Zonas" true true false 50 Text 0 0 ,First,#,APA Costa de Corais,Zonas,-1,-1;UC "UC" true true false 50 Text 0 0 ,First,#,APA Costa de Corais,UC,-1,-1;Fonte "Fonte" true true false 50 Text 0 0 ,First,#,APA Costa de Corais,Fonte,-1,-1;OBJECTID "OBJECTID" true true false 10 Long 0 10 ,First,#,ExclusaoPesca_APANoronha,OBJECTID,-1,-1;ZONEAMENTO "ZONEAMENTO" true true false 41 Text 0 0 ,First,#,ExclusaoPesca_APANoronha,ZONEAMENTO,-1,-1;AREA_M2 "AREA_M2" true true false 19 Double 0 0 ,First,#,ExclusaoPesca_APANoronha,AREA_M2,-1,-1;AREA_HA "AREA_HA" true true false 13 Float 0 0 ,First,#,ExclusaoPesca_APANoronha,AREA_HA,-1,-1;unid "unid" true true false 5 Text 0 0 ,First,#,ExclusaoPesca_APANoronha,unid,-1,-1;Percentual "Percentual" true true false 19 Double 0 0 ,First,#,ExclusaoPesca_APANoronha,Percentual,-1,-1;AREA_TOTAL "AREA_TOTAL" true true false 50 Text 0 0 ,First,#,ExclusaoPesca_APANoronha,AREA_TOTAL,-1,-1;SHAPE_Leng "SHAPE_Leng" true true false 19 Double 0 0 ,First,#,ExclusaoPesca_APANoronha,SHAPE_Leng,-1,-1;SHAPE_Area "SHAPE_Area" true true false 19 Double 0 0 ,First,#,ExclusaoPesca_APANoronha,SHAPE_Area,-1,-1;zona "zona" true true false 50 Text 0 0 ,First,#,ExclusaoPesca_APANoronha,zona,-1,-1"</Process><Process ToolSource="c:\program files (x86)\arcgis\desktop10.5\ArcToolbox\Toolboxes\Data Management Tools.tbx\CalculateField" Date="20180704" Time="164948" Name="" export="">CalculateField ExclusaoPesca_APAsFederais Area "Zona de Proteção da Vida Silvestre" VB #</Process><Process ToolSource="c:\program files (x86)\arcgis\desktop10.5\ArcToolbox\Toolboxes\Data Management Tools.tbx\CalculateField" Date="20180704" Time="164955" Name="" export="">CalculateField ExclusaoPesca_APAsFederais Zonas "Zona de Proteção da Vida Silvestre" VB #</Process><Process ToolSource="c:\program files (x86)\arcgis\desktop10.5\ArcToolbox\Toolboxes\Data Management Tools.tbx\CalculateField" Date="20180704" Time="165009" Name="" export="">CalculateField ExclusaoPesca_APAsFederais Area "Atol das Rocas" VB #</Process><Process ToolSource="c:\program files (x86)\arcgis\desktop10.5\ArcToolbox\Toolboxes\Data Management Tools.tbx\CalculateField" Date="20180704" Time="165028" Name="" export="">CalculateField ExclusaoPesca_APAsFederais UC "APA Fernando de Noronha" VB #</Process><Process ToolSource="c:\program files (x86)\arcgis\desktop10.5\ArcToolbox\Toolboxes\Data Management Tools.tbx\CalculateField" Date="20180704" Time="165050" Name="" export="">CalculateField ExclusaoPesca_APAsFederais Fonte "Carina Tostes Abreu,COMAN/CGCAP/DIMAN-ICMBio/MMA" VB #</Process><Process ToolSource="c:\program files (x86)\arcgis\desktop10.5\ArcToolbox\Toolboxes\Data Management Tools.tbx\CalculateField" Date="20180704" Time="165233" Name="" export="">CalculateField ExclusaoPesca_APAsFederais Enviado "Carina Tostes Abreu, COMAN/CGCAP/DIMAN-ICMBio/MMA" VB #</Process><Process ToolSource="c:\program files (x86)\arcgis\desktop10.5\ArcToolbox\Toolboxes\Data Management Tools.tbx\CalculateField" Date="20180704" Time="165251" Name="" export="">CalculateField ExclusaoPesca_APAsFederais Fonte "ICMBio/MMA" VB #</Process><Process Name="Feature Class to Feature Class" ToolSource="c:\program files (x86)\arcgis\desktop10.5\ArcToolbox\Toolboxes\Conversion Tools.tbx\FeatureClassToFeatureClass" Date="20190605" Time="095038">FeatureClassToFeatureClass "D:\OneDrive - WWF BRASIL\caio_maricultura\database\04_Oportunidades.gdb\Dados_Originais\APAs_ACREs" "D:\OneDrive - WWF BRASIL\caio_maricultura\database_shapefile" APAs_ACREs.shp # "Id "Id" true true false 4 Long 0 0 ,First,#,D:\OneDrive - WWF BRASIL\caio_maricultura\database\04_Oportunidades.gdb\Dados_Originais\APAs_ACREs,Id,-1,-1;Area "Area" true true false 150 Text 0 0 ,First,#,D:\OneDrive - WWF BRASIL\caio_maricultura\database\04_Oportunidades.gdb\Dados_Originais\APAs_ACREs,Area,-1,-1;Zonas "Zonas" true true false 50 Text 0 0 ,First,#,D:\OneDrive - WWF BRASIL\caio_maricultura\database\04_Oportunidades.gdb\Dados_Originais\APAs_ACREs,Zonas,-1,-1;UC "UC" true true false 50 Text 0 0 ,First,#,D:\OneDrive - WWF BRASIL\caio_maricultura\database\04_Oportunidades.gdb\Dados_Originais\APAs_ACREs,UC,-1,-1;Fonte "Fonte" true true false 50 Text 0 0 ,First,#,D:\OneDrive - WWF BRASIL\caio_maricultura\database\04_Oportunidades.gdb\Dados_Originais\APAs_ACREs,Fonte,-1,-1;Enviado "Enviado" true true false 100 Text 0 0 ,First,#,D:\OneDrive - WWF BRASIL\caio_maricultura\database\04_Oportunidades.gdb\Dados_Originais\APAs_ACREs,Enviado,-1,-1;Shape_Leng "Shape_Leng" false true true 8 Double 0 0 ,First,#,D:\OneDrive - WWF BRASIL\caio_maricultura\database\04_Oportunidades.gdb\Dados_Originais\APAs_ACREs,Shape_Length,-1,-1;Shape_Area "Shape_Area" false true true 8 Double 0 0 ,First,#,D:\OneDrive - WWF BRASIL\caio_maricultura\database\04_Oportunidades.gdb\Dados_Originais\APAs_ACREs,Shape_Area,-1,-1" #</Process></lineage><itemProps><itemName Sync="TRUE">APAs_ACREs</itemName><imsContentType Sync="FALSE" export="False">003</imsContentType><itemSize Sync="TRUE">0.000</itemSize><itemLocation><linkage Sync="TRUE">file://\\WWF-434\D$\OneDrive - WWF BRASIL\caio_maricultura\database_shapefile\APAs_ACREs.shp</linkage><protocol Sync="TRUE">Local Area Network</protocol></itemLocation><nativeExtBox><westBL Sync="TRUE">1996370.850400</westBL><eastBL Sync="TRUE">2256684.567000</eastBL><southBL Sync="TRUE">215569.879600</southBL><northBL Sync="TRUE">838542.632200</northBL><exTypeCode Sync="TRUE">1</exTypeCode></nativeExtBox></itemProps><coordRef><type Sync="TRUE">Projected</type><geogcsn Sync="TRUE">GCS_SIRGAS_2000</geogcsn><csUnits Sync="TRUE">Linear Unit: Meter (1.000000)</csUnits><peXml Sync="TRUE">&lt;ProjectedCoordinateSystem xsi:type='typens:ProjectedCoordinateSystem' xmlns:xsi='http://www.w3.org/2001/XMLSchema-instance' xmlns:xs='http://www.w3.org/2001/XMLSchema' xmlns:typens='http://www.esri.com/schemas/ArcGIS/10.5'&gt;&lt;WKT&gt;PROJCS[&amp;quot;IBGE_South_America_Albers_Equal_Area_Conic&amp;quot;,GEOGCS[&amp;quot;GCS_SIRGAS_2000&amp;quot;,DATUM[&amp;quot;D_SIRGAS_2000&amp;quot;,SPHEROID[&amp;quot;GRS_1980&amp;quot;,6378137.0,298.257222101]],PRIMEM[&amp;quot;Greenwich&amp;quot;,0.0],UNIT[&amp;quot;Degree&amp;quot;,0.0174532925199433]],PROJECTION[&amp;quot;Albers&amp;quot;],PARAMETER[&amp;quot;False_Easting&amp;quot;,0.0],PARAMETER[&amp;quot;False_Northing&amp;quot;,0.0],PARAMETER[&amp;quot;Central_Meridian&amp;quot;,-54.0],PARAMETER[&amp;quot;Standard_Parallel_1&amp;quot;,-2.0],PARAMETER[&amp;quot;Standard_Parallel_2&amp;quot;,-22.0],PARAMETER[&amp;quot;Latitude_Of_Origin&amp;quot;,-12.0],UNIT[&amp;quot;Meter&amp;quot;,1.0]]&lt;/WKT&gt;&lt;XOrigin&gt;-22277100&lt;/XOrigin&gt;&lt;YOrigin&gt;-10638200&lt;/YOrigin&gt;&lt;XYScale&gt;202162742.33946496&lt;/XYScale&gt;&lt;ZOrigin&gt;-100000&lt;/ZOrigin&gt;&lt;ZScale&gt;10000&lt;/ZScale&gt;&lt;MOrigin&gt;-100000&lt;/MOrigin&gt;&lt;MScale&gt;10000&lt;/MScale&gt;&lt;XYTolerance&gt;0.001&lt;/XYTolerance&gt;&lt;ZTolerance&gt;0.001&lt;/ZTolerance&gt;&lt;MTolerance&gt;0.001&lt;/MTolerance&gt;&lt;HighPrecision&gt;true&lt;/HighPrecision&gt;&lt;/ProjectedCoordinateSystem&gt;</peXml><projcsn Sync="TRUE">IBGE_South_America_Albers_Equal_Area_Conic</projcsn></coordRef><copyHistory><copy source="C:\Users\mgarcia\Documents\ArcGIS\Packages\oportunidades_zona_costeira_v2_FFAA05DE-D9F9-4411-A07F-D472E586074A\commondata\01_shapes\ExclusaoPesca_APAsFederais" dest="\\SDU-36-FF-54-84\C$\Users\mgarcia\Desktop\APZ_GEF_MAR\Oportunidades_130718\commondata\01_shapes\ExclusaoPesca_APAsFederais" date="20180713" time="15213300"/></copyHistory></DataProperties><SyncDate>20190605</SyncDate><SyncTime>09503800</SyncTime><ModDate>20190605</ModDate><ModTime>09503800</ModTime><scaleRange><minScale>150000000</minScale><maxScale>5000</maxScale></scaleRange><ArcGISProfile>NAP</ArcGISProfile></Esri><dataIdInfo><envirDesc Sync="TRUE"> Version 6.2 (Build 9200) ; Esri ArcGIS 10.5.1.7333</envirDesc><dataLang><languageCode value="por" Sync="TRUE"/><countryCode value="BRA" Sync="TRUE"/></dataLang><idCitation xmlns=""><resTitle Sync="TRUE">APAs_ACREs</resTitle><presForm xmlns=""><PresFormCd value="005" Sync="TRUE"/></presForm><date><pubDate>2018-06-28T00:00:00</pubDate></date><citRespParty xmlns=""><editorSource>external</editorSource><editorDigest>8a236249d3c28e766ea4296c8ddc8b80</editorDigest><rpOrgName>Instituto Chico Mendes de Conservação da Biodiversidade  - ICMBio</rpOrgName><rpCntInfo xmlns=""><cntAddress addressType=""><delPoint>EQSW 103/104, Complexo Administrativo, Setor Sudoeste, Bloco A, 1o andar</delPoint><city>Brasília</city><adminArea>DF</adminArea><postCode>70670-350</postCode><eMailAdd>claudio.maretti@icmbio.gov.br</eMailAdd><country>BR</country></cntAddress></rpCntInfo><editorSave>True</editorSave><displayName>Instituto Chico Mendes de Conservação da Biodiversidade  - ICMBio</displayName><role><RoleCd value="011"/></role></citRespParty></idCitation><spatRpType><SpatRepTypCd value="001" Sync="TRUE"/></spatRpType><dataExt xmlns=""><geoEle xmlns=""><GeoBndBox esriExtentType="search"><exTypeCode Sync="TRUE">1</exTypeCode><westBL Sync="TRUE">-35.918618</westBL><eastBL Sync="TRUE">-33.149208</eastBL><northBL Sync="TRUE">-3.768948</northBL><southBL Sync="TRUE">-9.493111</southBL></GeoBndBox></geoEle></dataExt><idPurp>Arquivo que apresenta as Áreas de Conservação e Reprodução de Espécies (ACREs) inseridas em APAs marinhas no Brasil, uma das variáveis que compõem a superfície de oportunidades, um dos inputs da modelagem geoespacial para a segunda atualização das Áreas Prioritárias para Conservação, Utilização Sustentável e Repartição dos Benefícios da Biodiversidade das Zonas Costeira e Marinha.</idPurp><idCredit>Instituto Chico Mendes de Conservação da Biodiversidade - ICMBio</idCredit><searchKeys><keyword>pesca</keyword><keyword>Áreas de Conservação e Reprodução de Espécies</keyword><keyword>ACREs</keyword><keyword>Área de Proteção Ambiental</keyword><keyword>APA</keyword><keyword>Unidade de Conservação</keyword><keyword>superfície de oportunidades</keyword></searchKeys><dataChar><CharSetCd value="004"/></dataChar><idPoC xmlns=""><editorSource>external</editorSource><editorDigest>8a236249d3c28e766ea4296c8ddc8b80</editorDigest><rpOrgName>Instituto Chico Mendes de Conservação da Biodiversidade  - ICMBio</rpOrgName><rpCntInfo xmlns=""><cntAddress addressType=""><delPoint>EQSW 103/104, Complexo Administrativo, Setor Sudoeste, Bloco A, 1o andar</delPoint><city>Brasília</city><adminArea>DF</adminArea><postCode>70670-350</postCode><eMailAdd>claudio.maretti@icmbio.gov.br</eMailAdd><country>BR</country></cntAddress></rpCntInfo><editorSave>True</editorSave><displayName>Instituto Chico Mendes de Conservação da Biodiversidade  - ICMBio</displayName><role><RoleCd value="011"/></role></idPoC><resMaint xmlns=""><maintFreq><MaintFreqCd value="012"/></maintFreq></resMaint><idAbs>&lt;DIV STYLE="text-align:Left;"&gt;&lt;DIV&gt;&lt;DIV&gt;&lt;P&gt;&lt;SPAN&gt;Áreas de Conservação&lt;/SPAN&gt;&lt;SPAN /&gt;&lt;SPAN&gt;e Reprodução de Espécies em Áreas de Proteção Ambiental &lt;/SPAN&gt;&lt;SPAN&gt;nas Unidades de Planejamento das zonas costeira e marinha.&lt;/SPAN&gt;&lt;SPAN /&gt;&lt;/P&gt;&lt;P&gt;&lt;SPAN /&gt;&lt;/P&gt;&lt;/DIV&gt;&lt;/DIV&gt;&lt;/DIV&gt;</idAbs><tpCat><TopicCatCd value="002"/></tpCat><tpCat><TopicCatCd value="014"/></tpCat><tpCat><TopicCatCd value="007"/></tpCat></dataIdInfo><mdLang><languageCode value="por" Sync="TRUE"/><countryCode value="BRA" Sync="TRUE"/></mdLang><mdChar><CharSetCd value="004" Sync="TRUE"/></mdChar><distInfo xmlns=""><distFormat xmlns=""><formatName Sync="FALSE">Shapefile</formatName><formatVer>1000</formatVer></distFormat><distTranOps><transSize Sync="TRUE">0.000</transSize></distTranOps></distInfo><mdHrLv><ScopeCd value="009" Sync="FALSE"/></mdHrLv><mdHrLvName Sync="TRUE">dataset</mdHrLvName><refSysInfo><RefSystem dimension="horizontal"><refSysID xmlns=""><identCode code="0" Sync="TRUE"/><idCodeSpace Sync="TRUE">EPSG</idCodeSpace><idVersion Sync="TRUE">7.8.3(9.2.0)</idVersion></refSysID></RefSystem></refSysInfo><spatRepInfo><VectSpatRep><geometObjs Name="APAs_ACREs"><geoObjTyp><GeoObjTypCd value="002" Sync="TRUE"></GeoObjTypCd></geoObjTyp><geoObjCnt Sync="TRUE">0</geoObjCnt></geometObjs><topLvl><TopoLevCd value="001" Sync="TRUE"></TopoLevCd></topLvl></VectSpatRep></spatRepInfo><spdoinfo><ptvctinf><esriterm Name="APAs_ACREs"><efeatyp Sync="TRUE">Simple</efeatyp><efeageom code="4" Sync="TRUE"></efeageom><esritopo Sync="TRUE">FALSE</esritopo><efeacnt Sync="TRUE">0</efeacnt><spindex Sync="TRUE">FALSE</spindex><linrefer Sync="TRUE">FALSE</linrefer></esriterm></ptvctinf></spdoinfo><eainfo><detailed Name="APAs_ACREs"><enttyp><enttypl Sync="TRUE">APAs_ACREs</enttypl><enttypt Sync="TRUE">Feature Class</enttypt><enttypc Sync="TRUE">0</enttypc></enttyp><attr><attrlabl Sync="TRUE">FID</attrlabl><attalias Sync="TRUE">FID</attalias><attrtype Sync="TRUE">OID</attrtype><attwidth Sync="TRUE">4</attwidth><atprecis Sync="TRUE">0</atprecis><attscale Sync="TRUE">0</attscale><attrdef Sync="TRUE">Internal feature number.</attrdef><attrdefs Sync="TRUE">Esri</attrdefs><attrdomv><udom Sync="TRUE">Sequential unique whole numbers that are automatically generated.</udom></attrdomv></attr><attr><attrlabl Sync="TRUE">Shape</attrlabl><attalias Sync="TRUE">Shape</attalias><attrtype Sync="TRUE">Geometry</attrtype><attwidth Sync="TRUE">0</attwidth><atprecis Sync="TRUE">0</atprecis><attscale Sync="TRUE">0</attscale><attrdef Sync="TRUE">Feature geometry.</attrdef><attrdefs Sync="TRUE">Esri</attrdefs><attrdomv><udom Sync="TRUE">Coordinates defining the features.</udom></attrdomv></attr><attr><attrlabl Sync="TRUE">Id</attrlabl><attalias Sync="TRUE">Id</attalias><attrtype Sync="TRUE">Integer</attrtype><attwidth Sync="TRUE">10</attwidth><atprecis Sync="TRUE">10</atprecis><attscale Sync="TRUE">0</attscale></attr><attr><attrlabl Sync="TRUE">Area</attrlabl><attalias Sync="TRUE">Area</attalias><attrtype Sync="TRUE">String</attrtype><attwidth Sync="TRUE">150</attwidth><atprecis Sync="TRUE">0</atprecis><attscale Sync="TRUE">0</attscale></attr><attr><attrlabl Sync="TRUE">Zonas</attrlabl><attalias Sync="TRUE">Zonas</attalias><attrtype Sync="TRUE">String</attrtype><attwidth Sync="TRUE">50</attwidth><atprecis Sync="TRUE">0</atprecis><attscale Sync="TRUE">0</attscale></attr><attr><attrlabl Sync="TRUE">UC</attrlabl><attalias Sync="TRUE">UC</attalias><attrtype Sync="TRUE">String</attrtype><attwidth Sync="TRUE">50</attwidth><atprecis Sync="TRUE">0</atprecis><attscale Sync="TRUE">0</attscale></attr><attr><attrlabl Sync="TRUE">Fonte</attrlabl><attalias Sync="TRUE">Fonte</attalias><attrtype Sync="TRUE">String</attrtype><attwidth Sync="TRUE">50</attwidth><atprecis Sync="TRUE">0</atprecis><attscale Sync="TRUE">0</attscale></attr><attr><attrlabl Sync="TRUE">Enviado</attrlabl><attalias Sync="TRUE">Enviado</attalias><attrtype Sync="TRUE">String</attrtype><attwidth Sync="TRUE">100</attwidth><atprecis Sync="TRUE">0</atprecis><attscale Sync="TRUE">0</attscale></attr><attr><attrlabl Sync="TRUE">Shape_Leng</attrlabl><attalias Sync="TRUE">Shape_Leng</attalias><attrtype Sync="TRUE">Double</attrtype><attwidth Sync="TRUE">19</attwidth><atprecis Sync="TRUE">0</atprecis><attscale Sync="TRUE">0</attscale></attr><attr><attrlabl Sync="TRUE">SHAPE_Area</attrlabl><attalias Sync="TRUE">Shape_Area</attalias><attrtype Sync="TRUE">Double</attrtype><attwidth Sync="TRUE">19</attwidth><atprecis Sync="TRUE">0</atprecis><attscale Sync="TRUE">0</attscale><attrdef Sync="TRUE">Area of feature in internal units squared.</attrdef><attrdefs Sync="TRUE">Esri</attrdefs><attrdomv><udom Sync="TRUE">Positive real numbers that are automatically generated.</udom></attrdomv></attr></detailed></eainfo><mdDateSt Sync="TRUE">20190605</mdDateSt><mdFileID>GT_Pesca_ORIGEM_APAs_ACREs</mdFileID><mdContact xmlns=""><editorSource>external</editorSource><editorDigest>232b5a13bfe46e73bf7260489415794</editorDigest><rpIndName>Sabrina Costa</rpIndName><rpOrgName>Conservação Internacional - Brasil</rpOrgName><rpPosName>Coordenadora de Projetos</rpPosName><rpCntInfo xmlns=""><cntAddress addressType="postal"><delPoint>Av. Rio Branco, 131, 8º andar – Centro</delPoint><city>Rio de Janeiro</city><adminArea>RJ</adminArea><postCode>20040-006</postCode><eMailAdd>scosta@conservation.org</eMailAdd><country>BR</country></cntAddress><cntPhone><voiceNum tddtty="">+55 (21) 2173-6394</voiceNum></cntPhone></rpCntInfo><editorSave>True</editorSave><displayName>Sabrina Costa</displayName><role><RoleCd value="007"/></role></mdContact><mdMaint xmlns=""><maintFreq><MaintFreqCd value="011"/></maintFreq></mdMaint></metadata>
